{
  "timestamp": "2026-04-12T19:40:39Z",
  "dims": [
    {
      "d_in": 2048,
      "d_out": 1024
    }
  ],
  "params": {
    "poly_modulus_degree": 16384,
    "coeff_mod_bit_sizes": [
      60,
      40,
      40,
      60
    ],
    "global_scale": 1099511627776
  },
  "backends": [
    {
      "backend": "tenseal",
      "ok": true,
      "results": [
        {
          "name": "2048x1024",
          "mean_ms": 12882.026,
          "mae": 6.049482692560559e-09,
          "max_abs_error": 2.7939677238464355e-08
        }
      ],
      "error": null
    }
  ]
}
