{
  "timestamp": "2026-04-12T15:16:51Z",
  "dims": [
    {
      "d_in": 2048,
      "d_out": 2048
    }
  ],
  "params": {
    "poly_modulus_degree": 16384,
    "coeff_mod_bit_sizes": [
      60,
      40,
      40,
      60
    ],
    "global_scale": 1099511627776
  },
  "backends": [
    {
      "backend": "openfhe",
      "ok": true,
      "results": [
        {
          "name": "2048x2048",
          "mean_ms": 491582.044,
          "mae": 2.1623156598593596e-09,
          "max_abs_error": 1.0244548320770264e-08
        }
      ],
      "error": null
    }
  ]
}
