{
  "timestamp": "2026-04-12T19:33:37Z",
  "dims": [
    {
      "d_in": 2048,
      "d_out": 1024
    }
  ],
  "params": {
    "poly_modulus_degree": 16384,
    "coeff_mod_bit_sizes": [
      60,
      40,
      40,
      60
    ],
    "global_scale": 1099511627776
  },
  "backends": [
    {
      "backend": "openfhe",
      "ok": true,
      "results": [
        {
          "name": "2048x1024",
          "mean_ms": 384243.858,
          "mae": 2.4542785581616045e-09,
          "max_abs_error": 1.210719347000122e-08
        }
      ],
      "error": null
    }
  ]
}
