{
  "timestamp": "2026-04-13T10:38:56Z",
  "dims": [
    {
      "d_in": 2048,
      "d_out": 256
    }
  ],
  "params": {
    "poly_modulus_degree": 16384,
    "coeff_mod_bit_sizes": [
      60,
      40,
      40,
      60
    ],
    "global_scale": 1099511627776
  },
  "backends": [
    {
      "backend": "tenseal",
      "ok": true,
      "results": [
        {
          "name": "2048x256",
          "mean_ms": 12551.124,
          "samples": 2,
          "mae": 5.560213622857191e-09,
          "max_abs_error": 2.1420419216156006e-08
        }
      ],
      "error": null
    },
    {
      "backend": "openfhe",
      "ok": true,
      "results": [
        {
          "name": "2048x256",
          "mean_ms": 96635.507,
          "samples": 2,
          "mae": 2.4856952052232373e-09,
          "max_abs_error": 1.0244548320770264e-08
        }
      ],
      "error": null
    }
  ]
}
