{
  "timestamp": "2026-04-13T12:11:27Z",
  "dims": [
    {
      "d_in": 2048,
      "d_out": 256
    }
  ],
  "params": {
    "poly_modulus_degree": 16384,
    "coeff_mod_bit_sizes": [
      60,
      40,
      40,
      60
    ],
    "global_scale": 1099511627776
  },
  "backends": [
    {
      "backend": "tenseal",
      "ok": true,
      "results": [
        {
          "name": "2048x256",
          "mean_ms": 13073.435,
          "samples": 2,
          "mae": 5.288029569783248e-09,
          "max_abs_error": 1.862645149230957e-08
        }
      ],
      "error": null
    },
    {
      "backend": "openfhe",
      "ok": true,
      "results": [
        {
          "name": "2048x256",
          "mean_ms": 120460.656,
          "samples": 2,
          "mae": 2.7963515947249107e-09,
          "max_abs_error": 1.1175870895385742e-08
        }
      ],
      "error": null
    }
  ]
}
