{
  "ckks": {
    "poly_modulus_degree": 16384,
    "coeff_mod_bit_sizes": [
      60,
      40,
      40,
      40,
      40,
      40,
      60
    ],
    "global_scale": 1099511627776
  },
  "activation": {
    "reference_degree6": {
      "name": "reference_degree6",
      "mae": 0.012314660474658012,
      "max_abs_error": 0.040440693497657776,
      "rmse": 0.013877659104764462
    },
    "he_quadratic": {
      "name": "he_quadratic",
      "mae": 0.13966020941734314,
      "max_abs_error": 0.3346584439277649,
      "rmse": 0.1573258489370346
    }
  },
  "merged_ffn_small_dim": {
    "samples": 3,
    "mean_mae": 1.944782646035037e-08,
    "mean_max_abs_error": 4.1676685214042664e-08,
    "mean_rmse": 2.352757929221146e-08
  }
}